元文,変換文,"ラベル
記入欄"
朝ごはんはトーストにバターとべジマイトを薄くぬって食べました。,朝ごはんはトーストにバターとべジマイトを薄くぬって食べました。,無変換
そして10時くらいに、喫茶店でレーシャルとジョノサンとベルに会いました。,そして10時くらいに、喫茶店でレーシャルとジョノサンとベルに会いました。,無変換
24日から26日まではavconというアニメとテレビゲームの大会です。,24日から26日まではavconというアニメとテレビゲームの大会です。,無変換
材料はひよこ豆とパスタと卵とニンニクと小麦粉といろいろなスパイスです。,材料はひよこ豆とパスタと卵とニンニクと小麦粉といろいろなスパイスです。,無変換
そして、ニンジンとキュウリとほうれん草と（日本の）マヨネーズもあります。,そして、ニンジンとキュウリとほうれん草と（日本の）マヨネーズもあります。,無変換
お医者さんに会ったけど彼は「あなたは元気ですが、ティーンエイジャーだからいつも眠いのですね。」と言いました。,お医者さんにお会いしましたが彼は「あなたは元気ですが、ティーンエイジャーだからいつも眠いのですね。」とおっしゃいました。,変換:謙譲語/尊敬語
『庭に出る』と『庭を出る』と『庭から出る』はなにが違うのでしょうか？,『庭に出る』と『庭を出る』と『庭から出る』はなにが違うのでしょうか？,無変換
「生日快樂」(お誕生日おめでとう)という映画は彼女が書いたストーリーを使って､彼女と古天樂さんが主役をする映画です。,「生日快樂」(お誕生日おめでとう)という映画は彼女が書いたストーリーを使って､彼女と古天樂さんが主役をする映画です。,無変換
このストーリーは､実らない恋についてのちょっと悲しいストーリーです。,このストーリーは､実らない恋についての少し悲しいストーリーです。,どちらでも良い:other
悲しい映画だけど､映画の画面が綺麗で､それに､私はその主人公(小米さん---劉若英さんが演じた役です)の気持ちがよく分かると思ったから､この映画が好きです。,悲しい映画ですが､映画の画面が綺麗で､それに､私はその主人公(小米さん---劉若英さんが演じた役です)の気持ちがよく分かると思いましたので､この映画が好きです。,どちらでも良い:丁寧語/other
映画の中で､小米さんはあまり自信がない女の子なので､彼女には恋する勇気がありません。,映画の中で､小米さんはあまり自信がない女の子なので､彼女には恋する勇気がありません。,無変換
相手をどんなに愛しても､自分が相手にどんなに愛されても､恋人になったら､いつか別れると彼女はそう信じます。,相手をどんなに愛しても､自分が相手にどんなに愛されても､恋人になったら､いつか別れると彼女はそう信じます。,無変換
小南さん(古天樂さんの役です)と小米さん二人は大学時代から､ずっとお互いに愛しているけど､結末は二人は一緒になりませんでした。,小南さん(古天樂さんの役です)と小米さん二人は大学時代から､ずっとお互いに愛していますが､結末は二人は一緒になりませんでした。,どちらでも良い:丁寧語
小米さんは､失うことを恐れるため､むしろ始めることをしませんでした。,小米さんは､失うことを恐れるので､むしろ始めることをしませんでした。,どちらでも良い:other
自分を守るために､知らず知らずのうちに別のいいこと(大切な人とか)を失っているかもしれません。,自分を守るために､知らず知らずのうちに別のいいこと(大切な人とか)を失っているかもしれません。,無変換
皆さんは､自分を愛して(もっと自信を持って)､好きな人と恋する勇気を持ちますように。,皆さんは､自分を愛して(もっと自信を持って)､好きな人と恋する勇気を持ちますように。,無変換
「どのくらい再び愛することが出来ますか」(有多少愛可以重來)という歌は､,「どのくらい再び愛することが出来ますか」(有多少愛可以重來)という歌は､,無変換
映画の中で､小南さんがよく歌っている歌ですが､本当に小米さんの気持ちを歌い上げていました。,映画の中で､小南さんがよく歌っている歌ですが､本当に小米さんの気持ちを歌い上げていました。,無変換
私は高校三年生だ、もうすぐ大学入学試験があるから、毎日勉強しなければならない、大変です！,私は高校三年生です、もうすぐ大学入学試験があるから、毎日勉強しなければいけません、大変です！,どちらでも良い:丁寧語
私のうちは四人家族です、僕と母と兄と婆ちゃんです、ちょっと狭いアパートに住んでいます。,私のうちは四人家族です、僕と母と兄と祖母です、少し狭いアパートに住んでいます。,変換:謙譲語
好きな食べ物は日本の料理です、好きな飲み物はビールです、台湾のビールはとてもうまいですよ！,好きな食べ物は日本の料理です、好きな飲み物はビールです、台湾のビールはとてもおいしいですよ！,変換:美化語
外国人が日本に来て数年で花粉症になったという話もよく聞く。。。。,外国人が日本に来て数年で花粉症になったという話もよく聞きます。。。。,どちらでも良い:丁寧語
（）のところに①と②、どちらを入れるのが一番よいのでしょうか？,（）のところに①と②、どちらを入れるのが一番よいのでしょうか？,無変換
その先生もどうかしている、プレゼントもそんな際立つもの（一味違うもの）をほしがる。,その先生もどうかしていらっしゃる、プレゼントもそのような際立つもの（一味違うもの）をほしがられます。,変換:尊敬語
十月の時点で、万物は既に萎びている季節なので、どこに花があるだろう。,十月の時点で、万物は既に萎びている季節なので、どこに花があるのでしょう。,どちらでも良い:other
刘伯温は咲き遅れている紺の菊花を贈呈したが、施耐庵は熟考したうえで、牡丹の枝を手折って贈呈した。,刘伯温は咲き遅れている紺の菊花を贈呈しましたが、施耐庵は熟考したうえで、牡丹の枝を手折って贈呈しました。,どちらでも良い:丁寧語
牡丹は葉が落ちて黒く細い枝が枯れているように見えるが、どういう意味があるだろう？,牡丹は葉が落ちて黒く細い枝が枯れているように見えますが、どういう意味があるでしょう？,どちらでも良い:丁寧語
先生は刘伯温からもらった紺の菊花を手に持ってみたところ、花の色もいいし、咲き遅れというものの、やはり咲いたものなので、もしかしたら刘伯温が大器晩成となる（のし上がるのが遅い）という兆しかもしれない。,先生は刘伯温からもらった紺の菊花を手に持ってみたところ、花の色もいいし、咲き遅れというものの、やはり咲いたものなので、もしかしたら刘伯温が大器晩成となる（のし上がるのが遅い）という兆しかもしれません。,どちらでも良い:丁寧語
また手を伸ばして施耐庵からもらった牡丹の枝を手にとって見たら花がついてない、見間違って老眼を疑っているかのように目を揉んだあと、もう一度見ても花がついてない、鼻で嗅いでみたら信じがたくても枝であることを信じざるを得なかった「施耐庵よ、何で枝を花と見なしたの？」と不可解げに聞いた。,また手を伸ばして施耐庵からもらった牡丹の枝を手にとって見たら花がついてない、見間違って老眼を疑っているかのように目を揉んだあと、もう一度見ても花がついてない、鼻で嗅いでみたら信じがたくても枝であることを信じざるを得なかった「施耐庵よ、何で枝を花と見なしたの？」と不可解げに聞きました。,どちらでも良い:丁寧語
「先生、私は牡丹のことがずっと好きです、猛威にもめげない花で、武則天が厳冬の雪のある日に、号令一下、花々は皆咲き出したが、牡丹だけは依然として枝のままで立ち誇っていて本性を忘れることがなかったのです。,「先生、私は牡丹のことがずっと好きです、猛威にもめげない花で、武則天が厳冬の雪のある日に、号令一下、花々は皆咲き出しましたが、牡丹だけは依然として枝のままで立ち誇っていて本性を忘れることがなかったのです。,無変換
今は牡丹の花が咲く時期ではないので、花の代わりに枝を差し上げた次第です」と施耐庵がこう答えた。,今は牡丹の花が咲く時期ではないので、花の代わりに枝を差し上げた次第です」と施耐庵がこう答えました。,どちらでも良い:丁寧語
心の中では敬服はしていたが、でも、畢竟よい兆しではない。だが、人は其々で好き好きなので、無理やりすることが出来まいと思っていた。,心の中では敬服はしていましたが、でも、畢竟よい兆しではありません。ですが、人は其々で好き好きなので、無理やりすることが出来まいと思っていました。,どちらでも良い:丁寧語
施耐庵に対し、そんな頑固な性格によりやられるのではないかと心配してやまない。,施耐庵に対し、そんな頑固な性格によりやられるのではないかと心配してやみません。,どちらでも良い:丁寧語
それで二人の弟子に向けて「今や、政府不振、政治腐敗、天下の混乱は遠からず来る。,それで二人の弟子に向けて「今や、政府不振、政治腐敗、天下の混乱は遠からず来る。,無変換
お前ら二人は別々の主に仕え、都合の悪いときに、居直ったりしていがみ合うような真似をしたりすることがあるのかい？」と聞き出した。,お前ら二人は別々の主に仕え、都合の悪いときに、居直ったりしていがみ合うような真似をしたりすることがあるのかい？」と聞き出しました。,どちらでも良い:丁寧語
「同窓の誼は深いもので忘れるべからず、手足のように情け深く（睦まじく）協力し合え、ゆめゆめ忘れることなかれ」と。,「同窓の誼は深いもので忘れるべからず、手足のように情け深く（睦まじく）協力し合え、ゆめゆめ忘れることなかれ」と。,無変換
「丽江」が大好きです（ごめんね日本語の「丽江」のひらがなは知らないよ）,「丽江」が大好きです（ごめんなさい日本語の「丽江」のひらがなは知りませんよ）,変換:丁寧語
馬の　名前は　Ｂｉｓｓｅｎ、　Ｐｕｎｔｏ、　Ｍａｙ　と　Ｃａｐｐｉ　です。,馬の 名前は Ｂｉｓｓｅｎ、 Ｐｕｎｔｏ、 Ｍａｙ と Ｃａｐｐｉ です。,無変換
日本語を　一人で　べんきょうしている　から　鳥渡　わるい　かもしれないです。,日本語を一人で勉強しているから鳥渡わるいかもしれないです。,どちらでも良い:other
漢字で　かくことが　はじめて　です。　だから　間違いなく、　誤記が　有ります。,漢字でかくことがはじめてです。だから間違いなく、誤記が有ります。,どちらでも良い:other
それは彼女を迎えに行ったせいでテレビを見れなかったので怒りました。,それは彼女を迎えに行ったせいでテレビを見られなかったので怒りました。,どちらでも良い:other
でも友達はもしその理由で別れたら彼がかわいそうだと答えました。,しかし友達はもしその理由で別れたら彼がかわいそうだと答えました。,変換:other
水俣病は神経学的症候群なので、病気の症状は運動失調や失明や難聴だ。,水俣病は神経学的症候群ですので、病気の症状は運動失調や失明や難聴です。,どちらでも良い:丁寧語
水俣病の生存者と生存者の家族の証言によると、水俣病はとてもひどい病だったらしい。,水俣病の生存者と生存者の家族の証言によると、水俣病はとてもひどい病だったらしいです。,どちらでも良い:丁寧語
それに、足の内部に痺れがあるので、水俣病を持っている人は歩けなかった。,それに、足の内部に痺れがあるので、水俣病を持っている人は歩けませんでした。,どちらでも良い:丁寧語
でも、そのイベントの前から、チッソ株式会社は継続的に汚染していた。,でも、そのイベントの前から、チッソ株式会社は継続的に汚染していました。,どちらでも良い:丁寧語
1932年から、チッソ株式会社はたくさんのアセトアルデヒドを生成していた。,1932年から、チッソ株式会社はたくさんのアセトアルデヒドを生成していました。,どちらでも良い:丁寧語
そして、チッソ株式会社は無気力で、不注意で、とんでもなかった。,そして、チッソ株式会社は無気力で、不注意で、とんでもありませんでした。,どちらでも良い:丁寧語
人に聞いたら「日本語が上手になるためには、いい辞書がなければならない。」と言われました。それで僕はいい辞書を探しはじめました。,人に聞いたら「日本語が上手になるためには、いい辞書がなければならない。」と言われました。それで僕はいい辞書を探しはじめました。,無変換
本地の書店でいろいろな辞書を見ましたがいい辞典はなさそうです。,本地の書店でいろいろな辞書を見ましたがいい辞典はなさそうです。,無変換
帰ったあと兄は「インターネットで買うのはどうだ。」と言いました。僕は一度もインターネットで買い物をした経験がないから、すべてを兄に手伝ってもらいました。,帰ったあと兄は「インターネットで買うのはどうだ。」と言いました。僕は一度もインターネットで買い物をした経験がないので、すべてを兄に手伝ってもらいました。,どちらでも良い:other
今日は辞書が届きます。確かにすごい辞書ですけど、字がちょっと細かすぎます。,今日は辞書が届きます。確かにすごい辞書ですけど、字がちょっと細かすぎます。,無変換
昨夜１１時３２分ごろ、宮城県北部と中部で震度６強（Ｍ７．４）の地震がありました。,昨夜１１時３２分ごろ、宮城県北部と中部で震度６強（Ｍ７．４）の地震がありました。,無変換
気象庁は宮城県沿岸に津波警報を発令、青森県の太平洋沿岸と岩手、福島、茨城各県の沿岸には津波注意報を発令しました。,気象庁は宮城県沿岸に津波警報を発令、青森県の太平洋沿岸と岩手、福島、茨城各県の沿岸には津波注意報を発令しました。,無変換
東日本大震災から約１カ月、復興に向かおうとしている震災地の住民達は、大震災を思い出させる津波の警報と揺れに、みんなすごく不安な一夜を過ごしたようです。,東日本大震災から約１カ月、復興に向かおうとしている震災地の住民達は、大震災を思い出させる津波の警報と揺れに、みんなとても不安な一夜を過ごしたそうです。,どちらでも良い:other
時々、アメリカの女は”あたしは優しいガイが欲しい”と言ってんだけど、これらの人はいつも”優しいガイ”を拒否するか無視します。,時々、アメリカの女性は”私は優しいガイが欲しい”と言っていますが、彼女らはいつも”優しいガイ”を拒否するか無視します。,変換:丁寧語
レイの零号機に乗ってどうすんの？」しか出てこなくて、質問の内容を一切考えられなかった。,レイの零号機に乗ってどうすんの？」しか出てこなくて、質問の内容を一切考えられませんでした。,変換:丁寧語
今まで、スロバキアにいて、インターネットがなくてちょっと困ったので、七月の半期はLang-8にエントリーを書くことができませんでした。,今まで、スロバキアにいて、インターネットがなくてちょっと困ったので、七月の半期はLang-8にエントリーを書くことができませんでした。,無変換
天気は大変暑くなりましたが、私は七月十二日からスロバキアに行って山に近いコテージに住んでいます。,天気は大変暑くなりましたが、私は七月十二日からスロバキアに行って山に近いコテージに住んでいます。,無変換
だから、エントリーを書いたら、すぐLang8に置くことができないので、日にちをエントリーに付けます。,ですから、エントリーを書いたら、すぐLang8に置くことができないので、日にちをエントリーに付けます。,無変換
実は、今コンピューターゲームをしたいのですが、まずエントリーを書くほうがいいです。,実は、今コンピューターゲームをしたいのですが、まずエントリーを書くほうがいいです。,無変換
昨日私は近い川に行った時、涼しい水に足を置いて石に座りました。,昨日私は近い川に行った時、涼しい水に足を置いて石に座りました。,無変換
昨日、チェコの「スロウプスコ・ショシューフスケー」洞に遠足しました。,昨日、チェコの「スロウプスコ・ショシューフスケー」洞に遠足しました。,無変換
（名前の発音はかたかなでよく書けます。）弟は写真をたくさん撮りたいと言いましたが、洞の半分ぐらいの写真を撮った後で、カメラが壊れてしまいました。,（名前の発音はかたかなでよく書けます。）弟は写真をたくさん撮りたいと言いましたが、洞の半分ぐらいの写真を撮った後で、カメラが壊れてしまいました。,無変換
やっぱり、弟は怒りましたが、家に帰った後、カメラを直すことができました。,やっぱり、弟は怒りましたが、家に帰った後、カメラを直すことができました。,無変換
ぼうしゃにいたら、森に行ったり川にいったりして過ごしたいです。,ぼうしゃにいたら、森に行ったり川にいったりして過ごしたいです。,無変換
かわりに　（むしろは大丈夫ですか）、家でいろんなものを作っています。,かわりに（むしろは大丈夫ですか）、家でいろんなものを作っています。,どちらでも良い:other
あまり鋭くありませんがこんなに小さい「小ナイフ」なら十分です。,あまり鋭くありませんがこんなに小さい「小ナイフ」なら十分です。,無変換
完成したら、弟にコスチュームの写真を撮ってくれるように頼みます。,完成したら、弟にコスチュームの写真を撮ってくれるように頼みます。,無変換
「私が送信したのはカキコミではない、寂しさなんだ。」「寂しさなんだ」というのは、去年中国のインターネット上でもっとも流行している言葉でした。,「私が送信したのはカキコミではない、寂しさなんだ。」「寂しさなんだ」というのは、去年中国のインターネット上でもっとも流行している言葉でした。,無変換
それに対して、日本でもインターネット上で流行している言葉を選ぶ「ネット流行語大賞」というものがありまして、2010年の金賞は「そんな装備で大丈夫か？」という３Ｄアクションゲームのセリフでした。,それに対して、日本でもインターネット上で流行している言葉を選ぶ「ネット流行語大賞」というものがありまして、2010年の金賞は「そんな装備で大丈夫か？」という３Ｄアクションゲームのセリフでした。,無変換
そして、ネット上では、このセリフをまねて、「そんなＯＯで大丈夫か？」と尋ねると、「大丈夫だ、問題ない。」と答えるやりとりが大流行でした。,そして、ネット上では、このセリフをまねて、「そんなＯＯで大丈夫か？」と尋ねると、「大丈夫だ、問題ない。」と答えるやりとりが大流行でした。,無変換
こんな話は年上から見ると、特に意味がない普通の話にすぎないかもしれませんけど、若者にとっては、ユーモラスなツッコミになりました。,こんな話は年上から見ると、特に意味がない普通の話にすぎないかもしれませんけど、若者にとっては、ユーモラスなツッコミになりました。,無変換
文字通りに若者に支持されている文化的形態や活動だと私は理解しています。,文字通りに若者に支持されている文化的形態や活動だと私は理解しております。,どちらでもよい:謙譲語
中日国交回復して以来、両国は各分野に渡って、特に文化においての交流が盛んに行われています。,中日国交回復して以来、両国は各分野に渡って、特に文化においての交流が盛んに行われています。,無変換
初期の映画から今のドラマ、アニメ、テレビゲーム及び一部の電子製品に至るまで、日本文化の影響が至る所に見られています。,初期の映画から今のドラマ、アニメ、テレビゲーム及び一部の電子製品に至るまで、日本文化の影響が至る所に見られています。,無変換
現在、両国の若者文化にはいろいろな共通点もありましたが、自分の特色も持っています。,現在、両国の若者文化にはいろいろな共通点もありましたが、自分の特色も持っています。,無変換
たとえば、今日本の若者文化のシンボルと言えば、私はなんとなく「ロリータファッション」を頭に浮かべました。,たとえば、今日本の若者文化のシンボルと言えば、私はなんとなく「ロリータファッション」を頭に浮かべました。,無変換
ピアノの発表会などで少女が着るような服をもっとフリフリにしたこのファッションはある人にとってはとても信じられないファッションかもしれませんけど、「ロリータのファン」も少なくないです。,ピアノの発表会などで少女が着るような服をもっとフリフリにしたこのファッションはある人にとってはとても信じられないファッションかもしれませんけど、「ロリータのファン」も少なくないです。,無変換
また、日本のロックバンド及びミュージシャンから始まって、過激で派手な化粧や髪型、衣装などを特徴としている「ヴィジュアル系」も私はどうしても受け入れられません。,また、日本のロックバンド及びミュージシャンから始まって、過激で派手な化粧や髪型、衣装などを特徴としている「ヴィジュアル系」も私はどうしても受け入れられません。,無変換
でも、最近日本の女の子の間でとても人気がある「森ガール」というスタイルは私もすごく気に入っていました。,でも、最近日本の女の子の間でとても人気がある「森ガール」というスタイルは私もとても気に入っていました。,どちらでも良い:other
日本の「ロリータファッション」とか「ヴィジュアル系」とか外国人の私としてはちょっと理解しがたい文化は、中国にもあります。,日本の「ロリータファッション」とか「ヴィジュアル系」とか外国人の私としてはちょっと理解しがたい文化は、中国にもあります。,無変換
1990年代に生まれた若者の中で流行している「非主流」という概念は、まだ絶対的な解釈はありません。,1990年代に生まれた若者の中で流行している「非主流」という概念は、まだ絶対的な解釈はありません。,無変換
ネットで交流するとき、「火星文字」を使うとか、自分で自分を撮影することが好きとか、メッセンジャーの空間を色鮮やかに飾ったりなど、いろいろな特徴を持っています。,ネットで交流するとき、「火星文字」を使うとか、自分で自分を撮影することが好きとか、メッセンジャーの空間を色鮮やかに飾ったりなど、いろいろな特徴を持っています。,無変換
今の時代は、とても寛容な時代なので、いろいろな文化が共存することができます。,今の時代は、とても寛容な時代なので、いろいろな文化が共存することができます。,無変換
今両国ともはやっている「萌え文化」とか「ツッコミ文化」には私もすごく興味があります。,今両国ともはやっている「萌え文化」や「ツッコミ文化」には私もとても興味があります。,どちらでも良い:other
今両国の若者文化の中で、私はどうしても気にするのは、そこには自分の国の伝統的なものはとても少ないのではないでしょうか？,今両国の若者文化の中で、私はどうしても気にするのは、そこには自分の国の伝統的なものはとても少ないのではないでしょうか？,無変換
この前、「私たち中国の若者は欧米人と話しているとき、よく英語の名前を使うのに対して、日本の若者たちはよくローマ字で自分の名前をそのまま使います。,この前、「私たち中国の若者は欧米人と話しているとき、よく英語の名前を使うのに対して、日本の若者たちはよくローマ字で自分の名前をそのまま使います。,無変換
私たちはますます自国の伝統文化を失っているのではないか？」と友達が私にそういいました。,私たちはますます自国の伝統文化を失っているのではないか？」と友達が私にそういいました。,無変換
実は、私は「両国の若者ともある程度自分の国の伝統文化をゆるがせにしている。」と思っています。,実は、私は「両国の若者ともある程度自分の国の伝統文化をゆるがせにしている。」と思っています。,無変換
西洋のクリスマスとかバレンタインデーとか中日でもとても人気があって、ブームになってきましたが、自国の伝統的な祝日は昔の人と同じようにちゃんとすごしているんですか？,西洋のクリスマスやバレンタインデーなど中日でもとても人気があって、ブームになってきましたが、自国の伝統的な祝日は昔の人と同じようにちゃんとすごしているのですか？,変換:other
皆さんに「京劇」という言葉を聞いてどういったことを思い浮かべるかという質問をしてみたら、皆さんはどう答えるつもりですか？,皆さんに「京劇」という言葉を聞いてどういったことを思い浮かべるかという質問をしてみたら、皆さんはどう答えるつもりですか？,無変換
また、日本の若者たちに「歌舞伎」という言葉を聞いてどういったことを思い浮かべるかという質問をしてみたら、彼たちはいったいどう答えるでしょうか？,また、日本の若者たちに「歌舞伎」という言葉を聞いてどういったことを思い浮かべるかという質問をしてみたら、彼たちはいったいどう答えるでしょうか？,無変換
まずは自分の国の伝統文化を大切にしてみたらいいのではないでしょうか？,まずはご自分の国の伝統文化を大切になさってみたらよろしいのではないでしょうか？,どちらでも良い:尊敬語/美化語
伝統文化をちゃんと味わって、そして新鮮なものをくわえて、新たなすばらしい若者文化を作りましょう。,伝統文化をちゃんと味わって、そして新鮮なものをくわえて、新たなすばらしい若者文化を作りましょう。,無変換
いつか、私たちの東洋的な若者文化はきっと世界中でブームになります。,いつか、私たちの東洋的な若者文化はきっと世界中でブームになります。,無変換
夜、日本語を勉強したかったのに、先にオンラインでドラムマシーンを探し始めてしまいました。,夜、日本語を勉強したかったのに、先にオンラインでドラムマシーンを探し始めてしまいました。,無変換
「アメリカの金持ちなら、ソフトウェアの会社の会長ビル・ゲイツほど財産が多い人はいない。」,「アメリカの金持ちなら、ソフトウェアの会社の会長ビル・ゲイツほど財産が多い人はいない。」,無変換
ほかの人はそのソフトウェアを使ってもいいけれども、使用料がその会長に集まることになっている。,ほかの人はそのソフトウェアを使ってもいいけれども、使用料がその会長に集まることになっています。,どちらでも良い:丁寧語
「いいアイデアが一つあったら、金持ちになれますよ」と言った人がいる。,「いいアイデアが一つあったら、金持ちになれますよ」と言った人がいます。,どちらでも良い:丁寧語
どんな所でどんな物を皆は使っているか、あるいは前にだれも使ったことがなかった物がないかと聞いた。,どんな所でどんな物を皆は使っているか、あるいは前にだれも使ったことがなかった物がないかと聞きました。,どちらでも良い:丁寧語
地下鉄に乗る時、お年寄りとか、中年の人とか、若者とか、学生とか、誰でもカバンを持っていることだった。,地下鉄に乗る時、お年寄りとか、中年の人とか、若者とか、学生とか、誰でもカバンを持っていることでした。,どちらでも良い:丁寧語
もし、年齢に関係なくみんなが使えるカバンが作れたら、金持ちになるかもしれない。,もし、年齢に関係なくみんなが使えるカバンが作れたら、金持ちになるかもしれません。,どちらでも良い:丁寧語
カバンを持っている人はたぶんいろいろなものを入れておくと便利だと考える節があるが、もう一つは若い者は衣服を飾ることだと思う。,カバンを持っている人はたぶんいろいろなものを入れておくと便利だと考える節がありますが、もう一つは若い者は衣服を飾ることだと思います。,どちらでも良い:丁寧語
実はわが国では、出かけるときカバンを持って行く習慣がないと思う。,実はわが国では、出かけるときカバンを持って行く習慣がないと思います。,どちらでも良い:丁寧語
商業的に考えれば、カバンの商売がよくできたら、お金を儲けて、お金持ちになれるでしょうか。,商業的に考えれば、カバンの商売がよくできたら、お金を儲けて、お金持ちになれるでしょうか。,無変換
福山と柴崎はもちろん好きだし、北村一輝と松雪泰子も昔から気に入る俳優で、一緒に出演していて嬉しかったです。,福山と柴崎はもちろん好きだし、北村一輝と松雪泰子も昔から気に入る俳優で、一緒に出演していて嬉しかったです。,無変換
（原作は東野圭吾の同名の小説です。）私はすごく感動して、最後までいっぱい泣いちゃいました。,（原作は東野圭吾の同名の小説です。）私はとても感動して、最後までたくさん泣いてしまいました。,変換:other
妹は会社から無料のチケットをもらったから、映画を見に行く時間を変えられなかったです。,妹は会社から無料のチケットをもらったので、映画を見に行く時間を変えられませんでした。,変換:other
このせいで、日本語の授業が行けなくなっちゃって、塾に電話しました。,このせいで、日本語の授業が行けなくなってしまい、塾に電話しました。,変換:other
そのとき受付の人から「ちなみに大島先生はしばらく日本に戻りましたので、今日から二月まで、授業が代講になりました。」って言われました。,そのとき受付の人から「ちなみに大島先生はしばらく日本に戻りましたので、今日から二月まで、授業が代講になりました。」と言われました。,変換:other
日本語の先生の中で、大島先生のことが一番好きですから、一言もいえずに会えなくなっちゃって、寂しい感じがしました...。ちゃんと戻ってきてくれるかなってちょっと心配になってきました。,日本語の先生の中で、大島先生のことが一番好きですから、一言もいえずに会えなくなってしまって、寂しい感じがしました...。ちゃんと戻ってきてくれるかなと少し心配になってきました。,変換:other
最初、このアニメは夢を追うことだと思うけれども、ストーリーが続くにつれて、あたしの考えも変わっ　た。,最初、このアニメは夢を追うことだと思いますが、ストーリーが続くにつれて、わたしの考えも変わりました。,どちらでも良い:丁寧語
だから私は Manga Moods と呼ばれる別の本を借りました。,だから私は Manga Moods と呼ばれる別の本を借りました。,無変換
"以下のようなフレーズがあります。""自分を信じるわ""や""宝くじ当たったの？","以下のようなフレーズがあります。""自分を信じるわ""や""宝くじ当たったの？",無変換
そして、私の一番の夢はタイへ行って、タイ語で現地の人と交流することです。,そして、私の一番の夢はタイへ行って、タイ語で現地の人と交流することです。,無変換
今日は午前９時に大学へ行こうとしたが、家の近くの道路が、工事中のため通行止めでした。,今日は午前９時に大学へ行こうとしましたが、家の近くの道路が、工事中のため通行止めでした。,どちらでも良い:丁寧語
アメリカの発見は、ヨーロッパで科学のパラダイムを変化させました。,アメリカの発見は、ヨーロッパで科学のパラダイムを変化させました。,無変換
お気に入りのスウェーデン人のブロガーがつい最近の日本への旅のことからビデオを作って、それの挿入歌を好きになっちゃいました＞ｗ＜。歌詞がいつもはっきり聞き取れないけど、さまざまな聞こえた部分をググってもなにも見つけられなかったんです。,お気に入りのスウェーデン人のブロガーがつい最近の日本への旅のことからビデオを作って、それの挿入歌を好きになってしまいました＞ｗ＜。歌詞がいつもはっきり聞き取れないけど、さまざまな聞こえた部分をググってもなにも見つけられなかったのです。,変換:other
赤ちゃんはたくさん転んで痛みをかんじましたが、どうして歩くことを練習しつづけましたか。,赤ちゃんはたくさん転んで痛みをかんじましたが、どうして歩くことを練習しつづけましたか。,無変換
私は歩いていますよ」、赤ちゃんは話せませんでしたが、私にそう言っているようでした。,私は歩いていますよ」、赤ちゃんは話せませんでしたが、私にそう言っているようでした。,無変換
もし赤ちゃんがあきらめたら、今でも歩くことができないと思います。,もし赤ちゃんがあきらめたら、今でも歩くことができないと思います。,無変換
でも、障害も難しいこともありますから、度々夢とか希望を果たすことができません。,でも、障害も難しいこともありますから、度々夢とか希望を果たすことができません。,無変換
皆さんはThomas Alfa Edison（トーマスアルファエジソン）をしっていますか。,皆さんはThomas Alfa Edison（トーマスアルファエジソン）をしっていますか。,無変換
Edison （エジソン）は、ひゃっかいでも、せんかいでも失敗しました。,Edison （エジソン）は、ひゃっかいでも、せんかいでも失敗しました。,無変換
その時に人々がEdisonはむだなことをしていると思いました。,その時に人々がEdisonはむだなことをしていると思いました。,無変換
でも、信用が　　ありましたから、ついにEdison は沢山必要な物をはつめいしました。,でも、信用がありましたから、ついにEdison は沢山必要な物をはつめいしました。,どちらでも良い:other
Abraham Lincoln （アブラハムリンカーン）もアメリカの大統領になるためにさいさん失敗しました。,Abraham Lincoln （アブラハムリンカーン）もアメリカの大統領になるためにさいさん失敗しました。,無変換
たとえびんぼうな家族でも希望がありましたから、ついに本田宗一郎は有名なオートバイの会社のかんりしゃになりました。,たとえびんぼうな家族でも希望がありましたから、ついに本田宗一郎は有名なオートバイの会社のかんりしゃになりました。,無変換
明日は日本からの友たちにこの町を案内してあげるから、今日わたしと代わる人を見つけなきゃいけない。,明日は日本からの友たちにこの町を案内してあげるから、今日わたしと代わる人を見つけないといけない。,変換:other
夏休みの宿題がぜんぜん書けないよ」「母さんはダメで、すみませんね」・・・・・さっき、あるコスプレの同志が「手伝おう！」って言った、感動した！！,夏休みの宿題がぜんぜん書けないよ」「母さんはダメで、すみませんね」・・・・・さっき、あるコスプレの同志が「手伝おう！」と言いました、感動しました！！,どちらでも良い:丁寧語
明日の路線をまだ決めてない....旅行で、一番大切なことは食べる物か？,明日の路線をまだ決めていません....旅行で、一番大切なことは食べる物ですか？,どちらでも良い:other
この文章はキャノン杯スピーチ特訓班の発表のテーマとして、書いています。,この文章はキャノン杯スピーチ特訓班の発表のテーマとして、書いています。,無変換
「失敗なんか全然恥ずかしくない、貴女よく頑張るわね。」と中学三年の国語担当の先生から言われました。,「失敗なんか全然恥ずかしくない、貴女よく頑張るわね。」と中学三年の国語担当の先生から言われました。,無変換
それなのに、クリスマスの日に学校は歌コンクールを行うことになりました。,それなのに、クリスマスの日に学校は歌コンクールを行うことになりました。,無変換
「マジで、時間が足りないよ。」「冗談はやめてくれない、進学はどうするの。」「クラス委員さんがやればいいのに」と皆は文句を言いました。,「マジで、時間が足りないよ。」「冗談はやめてくれない、進学はどうするの。」「クラス委員さんがやればいいのに」と皆は文句を言いました。,無変換
ちょうどその時期、班長さんは病気で、学習委員の私がやらなければなりませんでした。,ちょうどその時期、班長さんは病気で、学習委員の私がやらなければなりませんでした。,無変換
正直に言うと私は音痴の上に、たくさんの人の前で大声で話すことさえできませんでした。,正直に言うと私は音痴の上に、たくさんの人の前で大声で話すことさえできませんでした。,無変換
もう進学試験が迫っているのに、放棄するわけにはいきませんでした。,もう進学試験が迫っているのに、放棄するわけにはいきませんでした。,無変換
皆もいやですから、クラス委員として、責任を取らなければなりませんでした。,皆もいやですから、クラス委員として、責任を取らなければなりませんでした。,無変換
毎日授業が終わった後、一人でＣＤを聞いて、歌詞を暗記しました。,毎日授業が終わった後、一人でＣＤを聞いて、歌詞を暗記しました。,無変換
それだけならまだいいですけど、一番怖いのはコンクールの日は学校の全員の前で歌わなければなりません。,それだけならまだいいですけど、一番怖いのはコンクールの日は学校の全員の前で歌わなければなりません。,無変換
口を開けた途端、マイクに故障があるようで、変な音が出てきました。,口を開けた途端、マイクに故障があるようで、変な音が出てきました。,無変換
慌てて私は緊張のせいかもしれませんが、歌詞をまるっきり忘れてしまいました。,慌てて私は緊張のせいかもしれませんが、歌詞をまるっきり忘れてしまいました。,無変換
一番前に座っている学生が親切にこっそりその歌詞を教えてくれましたが、全然うまく歌えませんでした。,一番前に座っている学生が親切にこっそりその歌詞を教えてくれましたが、全然うまく歌えませんでした。,無変換
一人ぼっちになった私が教室で、もうどうにも我慢できなくて、大声で泣き出しました。,一人ぼっちになった私が教室で、もうどうにも我慢できなくて、大声で泣き出しました。,無変換
もう一ヶ月もかけてずっと練習したのに、自分が本当は馬鹿みたいで、皆の前で恥をかきました。,もう一ヶ月もかけてずっと練習したのに、自分が本当は馬鹿みたいで、皆の前で恥をかきました。,無変換
失敗なんか全然恥ずかしくない、貴女よく頑張るわね。」まだ、子供みたいな私にとって、先生の励ましの言葉は何よりです。,失敗なんか全然恥ずかしくない、貴女よく頑張るわね。」まだ、子供みたいな私にとって、先生の励ましの言葉は何よりです。,無変換
それ以来私の歌声は相変わらず、音痴なのですが、皆の前で話すことなんか全然怖くなくなりました。,それ以来私の歌声は相変わらず、音痴なのですが、皆の前で話すことなど全然怖くなくなりました。,どちらでも良い:other
それに、最も重要なのは私にとって、失敗なんか全然恥ずかしくなくなったことです。,それに、最も重要なのは私にとって、失敗など全然恥ずかしくなくなったことです。,どちらでも良い:other
その時のことがなければ、今の私はキャノン杯に参加する勇気まで失ってしまうでしょう。,その時のことがなければ、今の私はキャノン杯に参加する勇気まで失ってしまうでしょう。,無変換
神様だけが知っている、秘密～～～～♫　あはははっははははははっははははｋｋｋｋｋｋｋｋｋｋｋｋｋｋｋｋｋｋｋｋｋｋｋｋｋｋｋｋ,神様だけが知っている、秘密～～～～♫ あはははっははははははっははははｋｋｋｋｋｋｋｋｋｋｋｋｋｋｋｋｋｋｋｋｋｋｋｋｋｋｋｋ,Um
僕はえいごのクラスとバイオロジーのクラスとジオグラフィのクラスと日本語のクラスを取っています。,僕はえいごのクラスとバイオロジーのクラスとジオグラフィのクラスと日本語のクラスを取っています。,無変換
霍さんはインターンシップに行きましたので、５人が残っています。,霍さんはインターンシップに行きましたので、５人が残っています。,無変換
それからの一年間、なんだか気まずい雰囲気になってしまいました。,それからの一年間、なんだか気まずい雰囲気になってしまいました。,無変換
今日は授業がありますので、明日授業の後一緒に外食に行くことにします。,今日は授業がありますので、明日授業の後一緒に外食に行くことにします。,無変換
今日は最初のポストを送りました。　そして五人がすぐに答えました。,今日は最初のポストを送りました。そして五人がすぐに答えました。,どちらでも良い:other
私はこの二年間、勉強しています。　でも私はたくさんの間違いをします。,私はこの二年間、勉強しています。でも私はたくさんの間違いをします。,どちらでも良い:other
私は日本語がとても好きです。そして私はここでしばしば書くつもりです。,私は日本語がとても好きです。そして私はここでしばしば書くつもりです。,無変換
"お菓子はおいしいです.だから私はお菓子が大好きです!毎日,私はお菓子を食べます!","お菓子はおいしいです.だから私はお菓子が大好きです!毎日,私はお菓子を食べます!",無変換
この賞のおかげでアン・ツー、ホー・ゴク・ハー、スアン・ランと同様、学生の花モデルというユースファッションモデルクラブに参加した。,この賞のおかげでアン・ツー、ホー・ゴク・ハー、スアン・ランと同様、学生の花モデルというユースファッションモデルクラブに参加しました。,どちらでも良い:丁寧語
(演じた)ドラマ、映画：サイゴン・ラブ・ストーリー、ラブ・ストーリー,(演じた)ドラマ、映画：サイゴン・ラブ・ストーリー、ラブ・ストーリー,Um
ハノイで行われたヒェン・ツクさんのライブショーに参加したばかりだが、「サイゴン・ラブ・ストーリー」の俳優のフア・ビー・バンはもうすぐ開催される上海国際フィルムフェスティバルの準備で忙しそうだ。,ハノイで行われたヒェン・ツクさんのライブショーに参加したばかりですが、「サイゴン・ラブ・ストーリー」の俳優のフア・ビー・バンはもうすぐ開催される上海国際フィルムフェスティバルの準備で忙しそうです。,どちらでも良い:丁寧語
先日、先生は日本の奥さんは旦那さんが寝た後に化粧を落とし始めるという話をしました。,先日、先生は日本の奥さんは旦那さんが寝た後に化粧を落とし始めるという話をなさいました。,変換:尊敬語
日本の女性はほとんどの人がメークするらしいと聞きましたが、その程度の話まで想像出来ないです。,日本の女性はほとんどの人がメークするらしいと聞きましたが、その程度の話まで想像出来ないです。,無変換
ドラマを見る時、字幕を見なければ、ストーリーが分りにくいです。,ドラマを見る時、字幕を見なければ、ストーリーが分りにくいです。,無変換
こんなことをやってみました。字幕の上に紙を張って、真剣に聞くだけです。,こんなことをやってみました。字幕の上に紙を張って、真剣に聞くだけです。,無変換
ストーリーはまだわからないですけど、ドラマをリスタートしました。,ストーリーはまだわからないですけど、ドラマをリスタートしました。,無変換
明日、友達と一緒に町へ行ってきます。もっとネイルチップがほしいです（笑）。,明日、友達と一緒に町へ行ってきます。もっとネイルチップがほしいです（笑）。,無変換
パープルとイエロマニキュアを買いたいです…最近、そのカラーコンボが大好きです。,パープルとイエロマニキュアを買いたいです…最近、そのカラーコンボが大好きです。,無変換
ちなみに…明日の夜、叔母の家にとまりに行ってきます。待ちきれません☆,ちなみに…明日の夜、叔母の家にとまりに行ってきます。待ちきれません☆,無変換
叔母はStratford（ストラトフォード）に住んでいます。ここから30キロです。,叔母はStratford（ストラトフォード）に住んでいます。ここから30キロです。,無変換
なぜかよく分からないが、日本人とスカイプコールをするたびに、通信が悪くなる。,なぜかよく分かりませんが、日本人とスカイプコールをするたびに、通信が悪くなります。,どちらでも良い:丁寧語
今回ばかりは台風の影響かもしれないけど、台湾人とスカイプするたびに、問題はあまりない。,今回ばかりは台風の影響かもしれませんが、台湾人とスカイプするたびに、問題はあまりありません。,どちらでも良い:丁寧語
私はバドミントンが大好きですから、今日は友達と大学の体育館に行きました。,私はバドミントンが大好きですので、今日は友達と大学の体育館に行きました。,どちらでも良い:other
私たちはこの学期の毎土曜日の午後に体育館のバドミントンの場所を予約しているので、今日からそこに行けます。,私たちはこの学期の毎土曜日の午後に体育館のバドミントンの場所を予約しているので、今日からそこに行けます。,無変換
3時から5じまで、我々はよく運動していたので、とても楽しかったです。,3時から5じまで、我々はよく運動していたので、とても楽しかったです。,無変換
初めは日本のアニメや漫画が自分でわかるようにするために、日本語の勉強始めた。,初めは日本のアニメや漫画が自分でわかるようにするために、日本語の勉強始めました。,どちらでも良い:丁寧語
あるアニメが全部わかるのはまだまだだめだけど、毎日新しい単語を覚えて、そして次の日にこの単語を偶然聞いて理解できるのはとても嬉しかった。,あるアニメが全部わかるのはまだまだだめですが、毎日新しい単語を覚えて、そして次の日にこの単語を偶然聞いて理解できるのはとても嬉しかったです。,どちらでも良い:丁寧語
「勉強すればするほど、難しいと思います」とよく聞いたが、今ならこのセンテンスはちょっとだけわかるようになった。,「勉強すればするほど、難しいと思います」とよく聞きましたが、今ならこのセンテンスは少しだけわかるようになりました。,どちらでも良い:丁寧語
教徒の人々は、優しくて、おばさんのことをちゃんと聞いてくれた。,教徒の人々は、優しくて、おばさんのことをちゃんと聞いてくれました。,どちらでも良い:丁寧語
それ以上、我慢できないおばさんは、とうとう、離婚の道を選んだ。,それ以上、我慢できないおばさんは、とうとう、離婚の道を選びました。,どちらでも良い:丁寧語
日本語字幕・サブタイトル　Japanese subtitles!,日本語字幕・サブタイトルJapanese subtitles!,Um
英語映画がいっぱいあって、日本人の友達と見たいけどその友達は英語が分からない！,英語映画がいっぱいあって、日本人の友達と見たいですがその友達は英語が分かりません！,どちらでも良い:丁寧語
映画はもうパソコンに入ってて、ただ、サブタイトルのファイルが必要だ,映画はもうパソコンに入っていて、ただ、サブタイトルのファイルが必要です,どちらでも良い:丁寧語
人々は色々だけどその違いは国の中のことじゃなくて人と人の違い。,人々は色々ですがその違いは国の中のことではなくて人と人の違い。,どちらでも良い:丁寧語
この週末はアメリカにいる最後だから、私の友達と家族と遊んでいるんですが、時間が止まったようです。,この週末はアメリカにいる最後ですから、私の友達と家族と遊んでいるのですが、時間が止まったようです。,どちらでも良い:丁寧語/other
日本の一般人と日本語で喋れると思うけど、大学の授業の場合は聞き取れないに違いないです。,日本の一般人と日本語で喋れると思いますが、大学の授業の場合は聞き取れないに違いありません。,変換:丁寧語
そして、僕の生まれ育ったところは田舎ですから、それに比べて東京の生活費はやばそうです。,そして、僕の生まれ育ったところは田舎ですから、それに比べて東京の生活費は高そうです。,変換:other
経済的に親から独立しているから、アルバイトができるまで、奨学金を仰がなければならないんです。,経済的に親から独立しているので、アルバイトができるまで、奨学金を仰がなければならないのです。,変換:other
クレジットカードをスキャンしました。そしておきゃくさんが払いました。,クレジットカードをスキャンしました。そしてお客様が払いました。,どちらでも良い:other
でも私の最後の高校のコンサートでしたので、ちょっと悲しいです。,でも私の最後の高校のコンサートでしたので、ちょっと悲しいです。,無変換
できるだけ早く請求にいらっしゃってください」と表示されていました。,できるだけ早く請求にいらっしゃってください」と表示されていました。,無変換
アメリカのCEOと生産労働者の総年収の格差は大きすぎる。そのシステムはおかしくないだろうか？,アメリカのCEOと生産労働者の総年収の格差は大きすぎます。そのシステムはおかしくないでしょうか？,どちらでも良い:丁寧語
まず、この格差がある理由を知るためには、CEOと労働者の給料の平均に基づいて、データを分析する。,まず、この格差がある理由を知るためには、CEOと労働者の給料の平均に基づいて、データを分析します。,どちらでも良い:丁寧語
アメリカの給料レポートによると、アメリカのCEOの給料は、労働者の４７５倍の給料だということだ 。,アメリカの給料レポートによると、アメリカのCEOの給料は、労働者の４７５倍の給料だということです 。,どちらでも良い:丁寧語
さらに、アメリカの最低賃金は先進国の中で最も低い賃金の一つだ。,さらに、アメリカの最低賃金は先進国の中で最も低い賃金の一つです。,どちらでも良い:丁寧語
東京部の最低賃金は１時間で７９１円だが、アメリカは１時間で７．２５ドルだ 。,東京部の最低賃金は１時間で７９１円ですが、アメリカは１時間で７．２５ドルです 。,どちらでも良い:丁寧語
さて、アメリカのCEOの教育のレべルは、日本のCEOよりさらに高いのだろうか。,さて、アメリカのCEOの教育のレべルは、日本のCEOよりさらに高いのでしょうか。,どちらでも良い:丁寧語
日本は世界中で一番安全な国だけど、円高と物価の問題は本当に大変ですね。,日本は世界中で一番安全な国ですが、円高と物価の問題は本当に大変ですね。,どちらでも良い:丁寧語
旅行している時に迷ったら........北海道はいつもきれいなところだと思います。,旅行している時に迷ったら........北海道はいつもきれいなところだと思います。,無変換
そして、前の海外旅行は...演奏と親族訪問などだけです...単純に旅行したことは一回もありません。,そして、前の海外旅行は...演奏と親族訪問などだけです...単純に旅行したことは一回もありません。,無変換
私の一番好きなテレビ番組は「Torchwood」と「Doctor Who」です。,私の一番好きなテレビ番組は「Torchwood」と「Doctor Who」です。,無変換
だから、私だけはどんなに疲れても絶対、思う存分やらせておきたい。,だから、私だけはどんなに疲れても絶対、思う存分やらせておきたいです。,どちらでも良い:丁寧語
突然床に不明な嘔吐されたものを見つけました。プリンの食欲がだんだん少なくなって、病気になって、入院しました。,突然床に不明な嘔吐されたものを見つけました。プリンの食欲がだんだん少なくなって、病気になって、入院しました。,無変換
”プリンは不明なものを食べたと言われましたので、できれば 二、三日入院したほうがいいと思います”と獣医さんがそう言いました。,”プリンは不明なものを食べたと言われましたので、できれば 二、三日入院したほうがいいと思います”と獣医さんがそうおっしゃいました。,変換:尊敬語
原因は友達が不定時に猫に餌をやるからで、プリンはお腹がすきすぎて、,原因は友達が不定時に猫に餌をやるからで、プリンはお腹がすきすぎて、,無変換
帰る途中、私達は天津の有名なお菓子「耳の目」という揚げ餅を買いました。,帰る途中、私達は天津の有名なお菓子「耳の目」という揚げ餅を買いました。,無変換
そのうえ、晩ご飯は消化しにくい豆腐を食べましたが、胃痛はありませんでした。,そのうえ、晩ご飯は消化しにくい豆腐をいただきましたが、胃痛はございませんでした。,どちらでも良い:謙譲語/丁寧語
しばらく前にAMAZONから「A Handbook of Japanese Function Words」という本を買いました。,しばらく前にAMAZONから「A Handbook of Japanese Function Words」という本を買いました。,無変換
（「I work as an assistant teacher」は日本語でなんと言うのでしょうか。）,（「I work as an assistant teacher」は日本語でなんと言うのでしょうか。）,無変換
日本人にとって何が面白い？ with Japanese what is funny ?,日本人にとって何が面白いですか？ with Japanese what is funny ?,どちらでも良い:丁寧語
日本人の友達と話したい。でもなかなかちょっと年上の人だけと話せる。,日本人の友達と話したいです。でもなかなか少し年上の人だけと話せます。,どちらでも良い:丁寧語/other
この頃の私はすぐ社会人になるにもかかわらず、学生気質がまだ抜けきりませんね。,この頃の私はすぐ社会人になるにもかかわらず、学生気質がまだ抜けきりませんね。,無変換
学生の時といわず、社会人の時といわず、私は穏やかで気品のある話し方をする人であることが変わりません。,学生の時といわず、社会人の時といわず、私は穏やかで気品のある話し方をする人であることが変わりません。,無変換
子供の時から今まで、私はよく責任を引き受けて、真面目な人になるように育てられています。,子供の時から今まで、私はよく責任を引き受けて、真面目な人になるように育てられています。,無変換
まだ小学生の時、毎日自分で手習いをして、一つ変な格好の字を見たら、必ず何度も書いてしまいました。,まだ小学生の時、毎日自分で手習いをいたしまして、一つ変な格好の字を見たら、必ず何度も書いてしまいました。,どちらでも良い:謙譲語
故郷では内モンゴルの片田舎で、農民の素朴な品性を持っていて、金とか、名利とかにあっさりしています。,故郷では内モンゴルの片田舎で、農民の素朴な品性を持っていて、金や、名利などにあっさりしています。,どちらでも良い:other
でも、ある時、成功するために、私も一度決めたら他人のアドバイスを聞かない頑固な人だけでなく、気もよくいらいらする人になります。,でも、ある時、成功するために、私も一度決めたら他人のアドバイスを聞かない頑固な人だけでなく、気もよくいらいらする人になります。,無変換
私も親切で砕けた人ですから、何時までも何か悩みがあるとしたら、私にご相談していただければ、とても嬉しいと思いますね。,私も親切で砕けた人ですから、何時までも何か悩みがあるとしたら、私にご相談いただければ、とても嬉しいと思いますね。,変換:尊敬語
シュワルツェネッガーとスタローンとどっちのほうが頭がいいですか？,シュワルツェネッガーとスタローンとどちらのほうが頭がいいですか？,どちらでも良い:other
日本ではほかの話したり討論したりすることができる人気ウェブがありますか？,日本ではほかの話したり討論したりすることができる人気ウェブがありますか？,無変換
"ちなみに、台湾の人気ウェブは""台灣論壇""や""台大PTT(BBS)""です。","ちなみに、台湾の人気ウェブは""台灣論壇""や""台大PTT(BBS)""です。",無変換
残念ながら、数年ほど前に最後の一匹は老齢のため亡くなりました。,残念ながら、数年ほど前に最後の一匹は老齢のため亡くなりました。,無変換
なぜそう名づけたかというと、彼の飼い主は回文が好きだからです。,なぜそう名づけたかというと、彼の飼い主は回文が好きだからです。,無変換
「racecar」は、右から左に呼んでも同じ「racecar」なんです。,「racecar」は、右から左に呼んでも同じ「racecar」なのです。,変換:other
機動性を求めてる人に対しては、やっぱりバイクを持ってないと無理です。,機動性を求めてる人に対しては、やっぱりバイクを持ってないと無理です。,無変換
だから、今日はバイクを買っちゃいました。格好よくない中古車ですけど、,だから、今日はバイクを買ってしまいました。格好よくない中古車ですけど、,どちらでも良い:other
このままだったら、私は何の為に、生きているのかが分からないまま生きるかも知れない。,このままでしたら、私は何の為に、生きているのかが分からないまま生きるかも知れません。,どちらでも良い:丁寧語
私はうちの学科のかわいい後輩のヒョンソンアさんについて紹介します。,私はうちの学科のかわいい後輩のヒョンソンアさんについて紹介します。,無変換
そして、彼女には美しい妹さんがいるそうですが、今年、大学へ進学したそうです。,そして、彼女には美しい妹さんがいらっしゃるそうですが、今年、大学へ進学されたそうです。,どちらでも良い:尊敬語
好きな歌手はカナダの女性ロッカーのアブリルラビンだと言いました。,お好きな歌手はカナダの女性ロッカーのアブリルラビンだとおっしゃいました。,どちらでも良い:尊敬語
彼女が日本語を学ぶ切っ掛けは高校２年生の時の授業のためでした。,彼女が日本語を学ぶ切っ掛けは高校２年生の時の授業のためでした。,無変換
解説は「軽い命令です」と書いてありますけど、はっきりしてませんね。,解説は「軽い命令です」と書いてありますけど、はっきりしていませんね。,変換:other
たとえば「タバコを吸わないでください」や「タバコを吸わないようにしてください」は全然違いますか。,たとえば「タバコを吸わないでください」や「タバコを吸わないようにしてください」は全然違いますか。,無変換
日本に未発売の海外のコスメをサンフランシスコに行く予定があるので、教えて下さい。,日本に未発売の海外のコスメをサンフランシスコに行く予定があるので、教えて下さい。,無変換
みんながこの世の中に使命を負わなければならないと思っています。,みんながこの世の中に使命を負わなければならないと思っています。,無変換
中国古代神話故事（翻訳挑戦）第8弾　八百匹虎東京を騒がす(4),中国古代神話故事（翻訳挑戦）第8弾 八百匹虎東京を騒がす(4),無変換
開封府の長官は虎が群がって殺到してきてることを聞いて、おずおずし、四つの門をしっかりと閉めて兵士が城の上でしっかりと守るように命令を出した。,開封府の長官は虎が群がって殺到してきてることを伺って、おずおずなさり、四つの門をしっかりと閉めて兵士が城の上でしっかりと守るように命令を出されました。,どちらでも良い:尊敬語
虎の王（キング）は八百匹の虎を率いて開封の城の下へやってきた。,虎の王（キング）は八百匹の虎を率いて開封の城の下へやって来られました。,どちらでも良い:尊敬語
四つ門とも閉められてるのをみて怒りが込み上げ、号令一下、八百匹の虎は一斉に地に伏せて長々と吼えたあと、高々と城の上に飛び上がり、城を守ってる兵士たちはそれを見てみんな怯えて生きた心地もなしにだらりと地に萎びていった。,四つ門とも閉められてるのをみて怒りが込み上げ、号令一下、八百匹の虎は一斉に地に伏せて長々と吼えたあと、高々と城の上に飛び上がり、城を守ってる兵士たちはそれを見てみんな怯えて生きた心地もなしにだらりと地に萎びていきました。,どちらでも良い:丁寧語
何と不思議なことに、虎たちは兵士たちと民衆たちに加害もせず、一目散に虎のキングを伴って開封府の大堂についた。,何と不思議なことに、虎たちは兵士たちと民衆たちに加害もせず、一目散に虎のキングを伴って開封府の大堂につきました。,どちらでも良い:丁寧語
一瞬のうち、大堂のあちこち、裏表に、屋上にも家の下にも虎で一杯になっていた。,一瞬のうち、大堂のあちこち、裏表に、屋上にも家の下にも虎で一杯になっていました。,どちらでも良い:丁寧語
長官はそれを見て手足に力も入らないように痺れて立つことさえ出来なかった。,長官はそれをご覧になって手足に力も入らないように痺れてお立ちになることさえ出来ませんでした。,どちらでも良い:尊敬語/丁寧語
親のような官職についてるのに、民のために、利益をもたらし、害を排除することなく、逆にこの地域に災いを来すばかりで、お前は何の役に立つのか 」,親のような官職についてるのに、民のために、利益をもたらし、害を排除することなく、逆にこの地域に災いを来すばかりで、お前は何の役に立つのか 」,無変換
拝んで恩人の王天亮を牢獄から出したあと、尾を振り出し、長官を３丈外にぶっ飛ばした。,拝んで恩人の王天亮を牢獄から出したあと、尾を振り出し、長官を３丈外にぶっ飛ばしました。,どちらでも良い:丁寧語
王天亮は耳にさらさらと風の吹く音をさせながら疾風迅雷のような速さであっという間に、うちに戻った。,王天亮は耳にさらさらと風の吹く音をさせながら疾風迅雷のような速さであっという間に、うちに戻られました。,どちらでも良い:尊敬語
お二人が愛し合い、釣り合う様子を見て、仲人として二つの婚縁を取り持った。,お二人が愛し合い、釣り合う様子を見て、仲人として二つの婚縁を取り持ちました。,どちらでも良い:丁寧語
日本語を勉強しながら中国語の漢字が無意識に身に付くだろうと思った。,日本語を勉強しながら中国語の漢字が無意識に身に付くだろうと思いました。,どちらでも良い:丁寧語
だっていつも字幕を観てたし、ちょっとだけ聞き取った言葉に自信がなくても、漢字から意味を探したりしてたもんで、次回から字幕を隠そうと思ってる。,なぜならいつも字幕を観てたし、少しだけ聞き取った言葉に自信がなくても、漢字から意味を探したりしていたもので、次回から字幕を隠そうと思っています。,変換:丁寧語/other
ところで、一番聞き取りにくかったのが、やっぱりおばあちゃんの言葉だった。,ところで、一番聞き取りにくかったのが、やっぱりおばあちゃんの言葉でした。,どちらでも良い:丁寧語
彼女の声が上がったり下がったり、僕がなれている話し方とぜんぜん違うものだった。,彼女の声が上がったり下がったり、僕がなれている話し方とぜんぜん違うものでした。,どちらでも良い:丁寧語
おばあちゃんのせりふの半分以上わかんないというときは少なくなかったよ。,おばあちゃんのせりふの半分以上わからないというときは少なくなかったですよ。,変換:丁寧語/other
特に最後の元気そうなお母ちゃんとその子供の笑顔に心が温まった。,特に最後の元気そうなお母ちゃんとその子供の笑顔に心が温まりました。,どちらでも良い:丁寧語
でも同時に宮崎監督の「火垂るの墓」のお母さんの定めを思い出して、逆に悲しくなった。,でも同時に宮崎監督の「火垂るの墓」のお母さんの定めを思い出して、逆に悲しくなりました。,どちらでも良い:丁寧語
その瞬間に、彼は本当に幅広く感情を引き起こせるということに気づいた。,その瞬間に、彼は本当に幅広く感情を引き起こせるということに気づきました。,どちらでも良い:丁寧語
ある友達からSpirited Awayという映画をもらってるんで、次はそれにしようかな？,ある友達からSpirited Awayという映画をもらっているので、次はそれにしようかな？,変換:other
ＬＡに　いって　Ｋｏｒｅａ　Ｔｏｗｎで　沢山の　韓国　料理を　食べました。,ＬＡに いってＫｏｒｅａ Ｔｏｗｎで 沢山の韓国 料理を食べました。,どちらでも良い:other
私たちは　五日間　過ごした。　最初の三日間は　雨が　非常に　降って　大変でした。,私たちは五日間過ごしました。最初の三日間は雨が非常に降って大変でした。,どちらでも良い:丁寧語
Ｐａｌｍ　Ｓｐｒｉｎｇｓでは　沢山のＲｅｓｏｒｔが　あります。,Ｐａｌｍ　Ｓｐｒｉｎｇｓでは沢山のＲｅｓｏｒｔがあります。,どちらでも良い:other
今日は私の誕生日ではなかったけれども、北京から帰た友達と一緒に私の誕生日のためにパーティーをしていました。,今日は私の誕生日ではなかったのですけれども、北京から帰た友達と一緒に私の誕生日のためにパーティーをしていました。,変換:丁寧語
ケーキもあれば、ビールもありました。皆、酒に酔うとゲームをしていました。有名なゲーム、[本当な話、大冒険]、他人の内緒を知りたいことは皆の興味ですね。,ケーキもあれば、ビールもありました。皆、酒に酔うとゲームをしていました。有名なゲーム、[本当な話、大冒険]、他人の内緒を知りたいことは皆の興味ですね。,無変換
ロシアで結婚式にお客さんをたくさん招待することになっています。,ロシアで結婚式にお客様をたくさんご招待することになっております。,どちらでも良い:尊敬語/美化語
新婚夫婦はほとんど見知らない人である遠い親戚を招待しなければなりません。,新婚夫婦はほとんど見知らない人である遠い親戚を招待しなければなりません。,無変換
それで祝えなくて、プレゼントを司会者をつうじて渡した人もいました。,それで祝えなくて、プレゼントを司会者をつうじて渡した人もいらっしゃいました。,どちらでも良い:尊敬語/other
その結婚式は二日間続いていて、花婿と花嫁はとても疲れていましたが、幸福でした。,その結婚式は二日間続いていて、花婿と花嫁はとても疲れていらっしゃいましたが、幸福でした。,どちらでも良い:尊敬語
初日はロシアの伝統に従って、花婿は親友と一緒に花嫁を身受けしなければなりました。,初日はロシアの伝統に従って、花婿は親友と一緒に花嫁を身受けしなければなりました。,Um
それは花嫁のご両親にされた障害を克服しながら、愛を証明するという意味です。,それは花嫁のご両親にされた障害を克服しながら、愛を証明するという意味です。,無変換
ロシアで結婚届けを出した後、名所を見物することになっています。,ロシアで結婚届けを出された後、名所を見物されることになっています。,どちらでも良い:尊敬語
モスクワで普通新婚夫婦は赤の広場に行って、永遠の火に花を捧げています。,モスクワで普通新婚夫婦は赤の広場にいらっしゃって、永遠の火に花を捧げていらっしゃいます。,どちらでも良い:尊敬語
お客さんが皆入れるように大きいレストランとダンスホールを予約しておきました。,お客様が皆入れるように大きいレストランとダンスホールを予約しておきました。,どちらでも良い:other
主賓とご両親はスピーチをして、司会者はお客さんを楽しませて、コンクールを行いました。,主賓とご両親はスピーチをなさって、司会者はお客さんを楽しませて、コンクールを行いました。,変換:尊敬語
次の日も結婚式は続いていましたが、私は大きい音楽で頭痛がしたので、帰りました。,次の日も結婚式は続いていましたが、私は大きい音楽で頭痛がしたので、帰りました。,無変換
私にとっては結婚式を挙げるより新婚旅行する方がいいのではないでしょうか。,私にとっては結婚式を挙げるより新婚旅行する方がいいのではないでしょうか。,無変換
僕にとってそういう勉強する方法で、言葉を完璧に覚えられるわけではないけれど、ANKIのおかげで言葉の意味の種を僕の頭に植えられる。,僕にとってそういう勉強する方法で、言葉を完璧に覚えられるわけではありませんが、ANKIのおかげで言葉の意味の種を僕の頭に植えられます。,どちらでも良い:丁寧語
日本語は違うと思いますが、確かじゃないので、例をもらえたら助かります。,日本語は違うと思いますが、確かではないので、例をいただけたら助かります。,変換:other/謙譲語
僕の出身ではほとんどの和食のレストランのマネジャーは韓国人か中国人だと思う。,僕の出身ではほとんどの和食のレストランのマネジャーは韓国人か中国人だと思います。,どちらでも良い:丁寧語
僕は「たちばな」で食べていた時、ホステスとシェフの会話が分かってうれしかった。,僕は「たちばな」で食べていた時、ホステスとシェフの会話が分かってうれしかったです。,どちらでも良い:丁寧語
今日わたしはえいがかんで「インビクタス」という映画を見に行きました。,今日わたしはえいがかんで「インビクタス」という映画を見に行きました。,無変換
今大方クラシックギターを練習していて、時々エレクトリックギターを弾く。,今大方クラシックギターを練習していて、時々エレクトリックギターを弾きます。,どちらでも良い:丁寧語
しかも、私は今週の月曜日の朝楽器やへティンホイッスル(Tin Whistle)を買いに行った。,しかも、私は今週の月曜日の朝楽器やへティンホイッスル(Tin Whistle)を買いに行きました。,どちらでも良い:丁寧語
アイルランドの音楽が好きでこの楽器の音が大好きなので習いたいのだ。,アイルランドの音楽が好きでこの楽器の音が大好きなので習いたいのです。,どちらでも良い:丁寧語
私の中に鮮明に刻まれたあなたは、思い出さなくとも、自然と頭の中に浮かんできます。,私の中に鮮明に刻まれたあなたは、思い出さなくとも、自然と頭の中に浮かんできます。,無変換
PMに助けを求めて、サーバー管理とアカウント管理について、日本側の担当者と連携して、一緒に開発環境を守りました。,PMに助けを求めて、サーバー管理とアカウント管理について、日本側の担当者と連携して、一緒に開発環境を守りました。,無変換
中国の土地は広いから、たくさんの人が実家から遠い場所で働いて、家族と離れています。,中国の土地は広いので、たくさんの人が実家から遠い場所で働いて、家族と離れています。,変換:other
春節は一番大切なお祝い日だから、皆はせめて春節の時に実家に帰って、家族と一緒に過ごしたいです。,春節は一番大切なお祝い日なので、皆はせめて春節の時に実家に帰って、家族と一緒に過ごしたいです。,変換:other
この時期に交通状況がひどく厳しくて、飛行機と汽車と長距離バスの切符を買うのは非常に難しいです。,この時期に交通状況がひどく厳しくて、飛行機と汽車と長距離バスの切符を買うのは非常に難しいです。,無変換
昨日、村上春樹さんの「やがて哀しき外国語」という本を拝読してみました。,昨日、村上春樹さんの「やがて哀しき外国語」という本を拝読してみました。,無変換
一冊を読み切ったわけではないので、ただ一部を読んでみただけで、今回のエントリーはこの本についての感想文ではありません。,一冊を読み切ったわけではないので、ただ一部を読んでみただけで、今回のエントリーはこの本についての感想文ではありません。,無変換
最近、日本の小説あるいはエッセイなどをすらすらとつまらずに一気に読むことができたような気がしました。,最近、日本の小説あるいはエッセイなどをすらすらとつまらずに一気に読むことができたような気がしました。,無変換
うれしい限りですが、知らない言葉はまだいっぱいありますので、辞書を引くのは相変わらず必要なぐらいでした。,うれしい限りですが、知らない言葉はまだいっぱいありますので、辞書を引くのは相変わらず必要なぐらいでした。,無変換
まあ、一応日本語の文章を読めるだけでうれしいことなんですけどね。,まあ、一応日本語の文章を読めるだけでうれしいことなんですけどね。,無変換
ということは、今は日本語の本を楽しめるようになって、手元の中訳バージョンはいらなくてもいいほどですが、少し気にすることがあります。,ということは、今は日本語の本を楽しめるようになって、手元の中訳バージョンはいらなくてもいいほどですが、少し気にすることがあります。,無変換
翻訳は難しいというのがわかっていますけど、私自身も翻訳（日ー＞中）の授業があるので、宿題とかもやっています。,翻訳は難しいというのがわかっていますけど、私自身も翻訳（日ー＞中）の授業があるので、宿題などもやっています。,変換:other
で、日本語を中国語に翻訳する一番難しいところはなんだろうと聞かれたら、私は断然「センテンスの組み立て方がまったく違って、改めて組まないといけない部分は困る」と返事しています。,それで、日本語を中国語に翻訳する一番難しいところはなんだろうと聞かれましたら、私は断然「センテンスの組み立て方がまったく違って、改めて組まないといけない部分は困る」とお返事しております。,変換:other/尊敬語/謙譲語
日本語より、英語と中国語の言葉を排列する順番は似ているので（英語が苦手なんですけど）、中高生のころだったんですが、英語を中国語に訳すことがあまり厄介ではなかった気がしました。,日本語より、英語と中国語の言葉を排列する順番は似ているので（英語が苦手なのですが）、中高生のころだったのですが、英語を中国語に訳すことがあまり厄介ではなかった気がしました。,変換:other
もっとも著しい例は、日本語の順番が動詞を一番最後のところに置くことです。,もっとも著しい例は、日本語の順番が動詞を一番最後のところに置くことです。,無変換
そこで、中国語に変える場合は、頭が回転しないといけないくらいひねって、どう組めばいいかなと戸惑うことがしょっちゅうです。,そこで、中国語に変える場合は、頭が回転しないといけないくらいひねって、どう組めばいいかなと戸惑うことがしょっちゅうです。,無変換
ちょっと話題からそれてしまいましたが、とりあえず、「やがて哀しき外国語」という中訳バージョンはかつて何回も見ましたが、筋が捉えられなかったということです。,ちょっと話題からそれてしまいましたが、とりあえず、「やがて哀しき外国語」という中訳バージョンはかつて何回も見ましたが、筋が捉えられなかったということです。,無変換
なんだか中国語らしくないせいか、なんとなく意味はわかりますけど、でも頭にとどまっていられなく、すぐ忘れてしまう文章だと思いました。,なんだか中国語らしくないせいか、なんとなく意味はわかりますけど、でも頭にとどまっていられなく、すぐ忘れてしまう文章だと思いました。,無変換
むかし、日本語を読めなかったとき、「あ～村上春樹さんの本はこういう感じかな」やら「なんか考え方が深すぎて、意味がちょっとわからない」やら、とにかく、感心させてくれませんでした。,むかし、日本語を読めなかったとき、「あ～村上春樹さんの本はこういう感じかな」やら「なんか考え方が深すぎて、意味が少しわからない」やら、とにかく、感心させてくれませんでした。,変換:other
でも、日本語の原作を見るうちに、わからない言葉はあったんですけど、中訳より理解できる気がしました。,でも、日本語の原作を見るうちに、わからない言葉はあったのですけど、中訳より理解できる気がしました。,変換:other
というわけで、中訳と原作をちょっと比較してみると、中訳はたしかに村上春樹さんの書いたように書いてあるんですけど、たぶん原作を忠実に再現するつもりだったかなと思いました。,というわけで、中訳と原作をちょっと比較してみると、中訳はたしかに村上春樹さんの書いたように書いてあるのですけど、たぶん原作を忠実に再現するつもりだったかなと思いました。,変換:other
本当に外れた部分はないのですけど、やはり中国語らしくないとしたら、読みづらくなるし、理解することも難しくなるなあと思いました。,本当に外れた部分はないのですけど、やはり中国語らしくないとしたら、読みづらくなるし、理解することも難しくなるなあと思いました。,無変換
やはり言葉を身につけると、世界が広がったり、考えも変わったりしますよね。,やはり言葉を身につけると、世界が広がったり、考えも変わったりしますよね。,無変換
これは、言葉を勉強している人々にとって、一番幸いなことに違いないと思います。,これは、言葉を勉強している人々にとって、一番幸いなことに違いないと思います。,無変換
私の仕事は技術サポータなので、今週も休暇をとることができません。,私の仕事は技術サポータなので、今週も休暇をとることができません。,無変換
日本語能力試験の日がだんだん近づくにつれて、私は不安になっています。,日本語能力試験の日がだんだん近づくにつれて、私は不安になっています。,無変換
だいがくのクラブの Japanese Student Association (JSA) がホストです。,だいがくのクラブの Japanese Student Association (JSA) がホストでいらっしゃいます。,どちらでも良い:尊敬語
①中国の漁船が日本の海上保安庁の船に故意に激突（これについては証拠のビデオがあるそうです）,①中国の漁船が日本の海上保安庁の船に故意に激突しました（これについては証拠のビデオがあるそうです）,どちらでも良い:丁寧語
③中国が仕事で中国へ出向いていたフジタの社員を逮捕した上、さらに船長を解放しなければ軍事的行為も辞さないと通告,③中国が仕事で中国へ出向いていたフジタの社員を逮捕した上、さらに船長を解放しなければ軍事的行為も辞さないと通告しました,どちらでも良い:丁寧語
アメリカにとって有利にことが運んだとしても、それは結果論であり、アメリカが何か目的を持って動いたわけでもなく、アメリカにとっては「漁夫の利」であり、中国にとっては「墓穴を掘った」ということなのではないでしょうか？,アメリカにとって有利にことが運んだとしても、それは結果論であり、アメリカが何か目的を持って動いたわけでもなく、アメリカにとっては「漁夫の利」であり、中国にとっては「墓穴を掘った」ということなのではないでしょうか？,無変換
他の東南アジア諸国は元々中国軍に対して危機感をつのらせており、近年の経済発展に伴う東南アジア全体の軍備増強は目覚しいものがあると聞いています。,他の東南アジア諸国は元々中国軍に対して危機感をつのらせており、近年の経済発展に伴う東南アジア全体の軍備増強は目覚しいものがあると伺っております。,どちらでも良い:謙譲語
まず、言っておきたいのはMikkomさん、コメントしてくれてありがとうございます。,まず、申し上げておきたいのはMikkomさん、コメントしてくださってありがとうございます。,どちらでも良い:謙譲語/尊敬語
いま、私はMikkomさんのコメントを借用して、自分の考えを書きます。,いま、私はMikkomさんのコメントを借用しまして、自分の考えを書きます。,どちらでも良い:謙譲語
まず、今回の事件は本当に偶然なのか、まだ判断できないと思います。,まず、今回の事件は本当に偶然なのか、まだ判断できないと思います。,無変換
（たぶん、どこかでtop secretとして封印されるかもしれません。）,（たぶん、どこかでtop secretとして封印されるかもしれません。）,無変換
国際問題になることが彼自身でも予想できると思いますから、漁船は何気なく、わざわざ日本の船にぶつかる必要が本当にありますか？,国際問題になることが彼自身でも予想できると思いますので、漁船は何気なく、わざわざ日本の船にぶつかる必要が本当にありますか？,変換:other
そして、日本のメディアは船長の裏には中国政府の仕業かもしれないとも書いています。,そして、日本のメディアは船長の裏には中国政府の仕業かもしれないとも書いています。,無変換
考えてみましょう、いまは中国の大事な発展の転換期、わざとこんな問題を起こす必要がありますか。,考えてみましょう、いまは中国の大事な発展の転換期、わざとこんな問題を起こす必要がありますか。,無変換
国際に影響もよくないし、たとえば、万博はまだ上海で行われているのに、こんなことを起こす必要がありますか？,国際に影響もよくないですし、たとえば、万博はまだ上海で行われているのに、こんなことを起こす必要がありますか？,変換:丁寧語
「故意」かどうか、私たちのようなニュースをみただけの民間人には断言できないと思います。,「故意」かどうか、私たちのようなニュースをみただけの民間人には断言できないと思います。,無変換
実は、私はずっと、そのビデオの完全の内容を皆に公開した方がいいと思います。,実は、私はずっと、そのビデオの完全の内容を皆に公開した方がいいと思います。,無変換
さらに、漁船と日本の海上保安庁の船の写真を見て、海上保安庁の船は漁船よりずっと大きいと思います。,さらに、漁船と日本の海上保安庁の船の写真を見て、海上保安庁の船は漁船よりずっと大きいと思います。,無変換
「毎日新聞」に漁船は「先兵」として、日本に探察しに来るかもしれないと書いてあります。,「毎日新聞」に漁船は「先兵」として、日本に探察しに来るかもしれないと書いてあります。,無変換
そして、ネット上であの船長は工作員だとかの見方も出てきました。,そして、ネット上であの船長は工作員だとかの見方も出てきました。,無変換
ちょうど良かったのは私のクラスメイトの中のひとりの女の子は船長と同じ村の人です。彼女は「あのおじさん！,ちょうど良かったのは私のクラスメイトの中のひとりの女の子は船長と同じ村の人です。彼女は「あのおじさん！,無変換
うちの村の人だから、普通の漁民だ、なんで工作員として疑われるの？,うちの村の人ですから、普通の漁民です、なぜ工作員として疑われるのでしょうか？,どちらでも良い:丁寧語
「釣魚台島」のことは中国語でいえば「公説公有理、婆説婆有理」です。,「釣魚台島」のことは中国語でいえば「公説公有理、婆説婆有理」です。,無変換
つまり、両方とも根拠を持って、相手の言った事を反論できないと思います。,つまり、両方とも根拠を持って、相手の言った事を反論できないと思います。,無変換
那覇裁判所は日本の国内法で裁判したこういうやり方は適当なのかと考えています。,那覇裁判所は日本の国内法で裁判したこういうやり方は適当なのかと考えています。,無変換
ここで気をつけなければならないところは日本の法律はアメリカと同じです。今度の事件は日本国内法の手順で完全に裁判されました。,ここで気をつけなければならないところは日本の法律はアメリカと同じです。今度の事件は日本国内法の手順で完全に裁判されました。,無変換
もしまた、こんなことが発生したら、日本で裁判所に上訴する方法は不可能だということになります。,もしまた、こんなことが発生したら、日本で裁判所に上訴する方法は不可能だということになります。,無変換
軍事行為を諦めない通告が報道された後、もう一つの日本の国内ニュースを考えてください。,軍事行為を諦めない通告が報道された後、もう一つの日本の国内ニュースを考えてください。,無変換
「菅首相が小沢氏に圧勝 721対491」(2010.09.14),「菅首相が小沢氏に圧勝 721対491」(2010.09.14),無変換
たぶん、最初、中国政府も日本の官僚たちがこんなことを起こして国会議員たちに圧力をかけて選挙を影響を与えるのが日本側の目的だと思っています。,たぶん、最初、中国政府も日本の官僚たちがこんなことを起こして国会議員たちに圧力をかけて選挙を影響を与えるのが日本側の目的だと思っています。,無変換
中国政府の前半の抗議は日本側との芝居にすぎないと私の先生が分析しました。,中国政府の前半の抗議は日本側との芝居にすぎませんと私の先生が分析されました。,どちらでも良い:丁寧語/尊敬語
しかし、日本側は選挙が終わっても船長を釈放する様子が全然ありませんから、やっと本気で抗議し始めます。,しかし、日本側は選挙が終わっても船長を釈放する様子が全然ありませんから、やっと本気で抗議し始めます。,無変換
国内のメディアも管理されて過激な言論はいっさい禁止されています。,国内のメディアも管理されて過激な言論はいっさい禁止されています。,無変換
国内の皆さんもそれを知っていると思います。実は国内で今回の中国政府の抗議しかしないやり方が弱いと批判されています。,国内の皆さんもそれを知っていると思います。実は国内で今回の中国政府の抗議しかしないやり方が弱いと批判されています。,無変換
それで、中国政府は世論の圧力に対して日本側に何かしないといけません。,それで、中国政府は世論の圧力に対して日本側に何かしないといけません。,無変換
日本のみへのレアアース輸出の禁止（ＷＴＯ違反）や、日本関係の通関手続きの妨害とかもしていた原因でもあると思います。,日本のみへのレアアース輸出の禁止（ＷＴＯ違反）や、日本関係の通関手続きの妨害などもしていた原因でもあると思います。,どちらでも良い:other
今日は両国のリーダーがやっとコミュニケーションをとったそうです。,今日は両国のリーダーがやっとコミュニケーションをとられたそうです。,どちらでも良い:尊敬語
2002年にひとりの日本人の教授が20年の内に中日戦争がきっとあると予測しました。,2002年にひとりの日本人の教授が20年の内に中日戦争がきっとありますと予測されました。,どちらでも良い:丁寧語/尊敬語
そして、彼は戦争の後、両国はすぐ仲直りすることも予言しました。,そして、彼は戦争の後、両国はすぐ仲直りすることも予言されました。,どちらでも良い:尊敬語
政治の中心とは利益至上というモノですから、そんなに気に入らなくてもいい。愛国心はいいですけど、他人に簡単に煽られたら、それは良くないと思います。,政治の中心とは利益至上というモノですので、そんなに気に入らなくてもいいです。愛国心はいいですけど、他人に簡単に煽られたら、それは良くないと思います。,どちらでも良い:丁寧語
「外国語を勉強している人は、一度、自分の国の立場を出て、相手の立場に立って考えたら、どうですか。,「外国語を勉強していらっしゃる方は、一度、ご自分の国の立場を出て、相手の立場に立ってお考えになったら、どうですか。,どちらでも良い:尊敬語/other/美化語/丁寧語
そうすると、もともと、自分が理解できないことも何となく分かると思います」。,そうすると、もともと、ご自分が理解できないことも何となくお分かりになると思います」。,どちらでも良い:美化語/尊敬語
私はずっとそれを信じて日本に留学したいです。ほかの国で、外の視点から、自分の国のことをもう一度見つめていたいです。,私はずっとそれを信じて日本に留学したいです。ほかの国で、外の視点から、自分の国のことをもう一度見つめていたいです。,無変換
日本語２０３のクラスは楽しいですけど、クラスメイトはへんです。,日本語２０３のクラスは楽しいですけど、クラスメイトはへんです。,無変換
「新」（最初の部首はいつも覚えられませんから）や「乗」（変で大きいと思います）や「黄」（いつも書き方を忘れます）とか好きじゃありません。,「新」（最初の部首はいつも覚えられませんので）や「乗」（変で大きいと思います）や「黄」（いつも書き方を忘れます）とか好きではありません。,変換:other
あまりメールなどを書かないので敬語の使い方はかなり不安になりました。,あまりメールなどを書かないので敬語の使い方はかなり不安になりました。,無変換
lang-8において、バグ・レポートを提出させていただきたいと思います。,lang-8において、バグ・レポートを提出させていただきたいと存じます。,どちらでも良い:謙譲語
ほかのユーザによって自分のアカウントで添削した箇所に関してのコメントを見ることができないことを指摘されました。,ほかのユーザによって自分のアカウントで添削した箇所に関してのコメントを見ることができないことを指摘されました。,無変換
それでコメントを書くことを試してみましたけど、それも不可能になったみたいです。,それでコメントを書くことを試してみましたけど、それも不可能になったみたいです。,無変換
コメント・ウィジェットはエラーなしに閉じましたが、追加コメントは表示されないし、ページ・リフレッシュ後にも変更なしでした。,コメント・ウィジェットはエラーなしに閉じましたが、追加コメントは表示されませんし、ページ・リフレッシュ後にも変更なしでした。,どちらでも良い:丁寧語
もし都合がよかったらこのバグを訂正していただき、訂正完了のことを電信を通じて知らせていただきたいです。,もしご都合がよろしければこのバグを訂正していただき、訂正完了のことを電信を通じて知らせていただきたいです。,変換:美化語/other
ちなみに、日本の部屋のレンタル費がすごく高いから..........,ちなみに、日本の部屋のレンタル費がすごく高いから..........,無変換
もし...ここに私と一緒に住んでも構わない日本人がいたら（男女,もし...ここに私と一緒にお住まいになっても構わない日本人がいらっしゃったら（男女,どちらでも良い:尊敬語
need help with grammar for my Japanese paper! topic: 日本の社会の反抗分子：ヤンキー,need help with grammar for my Japanese paper! topic: 日本の社会の反抗分子：ヤンキー,Um
日本の教育制度が批判的にけんさされて、社会のえいきょうは日本人が受ける。,日本の教育制度が批判的にけんさされて、社会のえいきょうは日本人が受けます。,どちらでも良い:丁寧語
日本の教育制度の究極の目的は日本人は社会に入って、社会人になる。,日本の教育制度の究極の目的は日本人は社会に入って、社会人になります。,どちらでも良い:丁寧語
まず、学生の時に一所懸命勉強しなければならなくて、名門大学へ行かなければならない。一番名門会社でやとわれると、それで　せいこうしたと思われている。,まず、学生の時に一所懸命勉強しなければならなくて、名門大学へ行かなければなりません。一番名門会社でやとわれると、それで せいこうしたと思われています。,どちらでも良い:丁寧語
けれども、若い人はせいげんのある社会に反抗するから、べつの文化を作る。,けれども、若い人はせいげんのある社会に反抗するので、べつの文化を作ります。,どちらでも良い:丁寧語/other
例えば、まだ、ヤンキーが人気な反抗の文化で、アメリカの‘yankee’という単語から作られる。,例えば、まだ、ヤンキーが人気な反抗の文化で、アメリカの‘yankee’という単語から作られます。,どちらでも良い:丁寧語
学校で、知識を詰め込む教育に学生は困っていて、いい成績の競争は大変だ。,学校で、知識を詰め込む教育に学生は困っていて、いい成績の競争は大変です。,どちらでも良い:丁寧語
このようなことは屋上でタバコをすって（もく）、制服を変えて、時々ちゅうと退学する。,このようなことは屋上でタバコをすって（もく）、制服を変えて、時々ちゅうと退学します。,どちらでも良い:丁寧語
ヤンキーのリーダーはせんぱいで、こうはいはせんぱいに話す時に、敬語を使わなければならない。,ヤンキーのリーダーはせんぱいで、こうはいはせんぱいに話す時に、敬語を使わなければなりません。,どちらでも良い:丁寧語
それも、かたにはまらないスタイルをもって、オートバイを運転する。,それも、かたにはまらないスタイルをお持ちになって、オートバイを運転されます。,どちらでも良い:尊敬語
たいてい、ヤンキーは社会人にならないが、時々高校卒業後にヤンキーをやめる。,たいてい、ヤンキーは社会人になりませんが、時々高校卒業後にヤンキーをやめます。,どちらでも良い:丁寧語
漫画とアニメはヤンキーが人気になれて、たくさんの日本人はヤンキーになりたいと思う。,漫画とアニメはヤンキーが人気になれて、たくさんの日本人はヤンキーになりたいと思います。,どちらでも良い:丁寧語
メルボルンから飛行機で約二時半間の名所にあるゴールドコーストは、有名で色々なテーマパークで遊べる所です。,メルボルンから飛行機で約二時半間の名所にあるゴールドコーストは、有名で色々なテーマパークで遊べる所です。,無変換
クイーンズランド州にはゴールドコーストは一年中ほとんど暖かい天気なので、ここに外国人がたくさん来て観光します。,クイーンズランド州にはゴールドコーストは一年中ほとんど暖かい天気なので、ここに外国人がたくさん来て観光します。,無変換
三つの有名な公園があって、夢公園や、水公園や、映画公園と呼ばれています。,三つの有名な公園があって、夢公園や、水公園や、映画公園と呼ばれています。,無変換
その公園の中で、多くのアトラクションと乗り物を楽しむことができるので、オーストラリアの中で、その公園は一番すごいそうです。,その公園の中で、多くのアトラクションと乗り物を楽しむことができますので、オーストラリアの中で、その公園は一番すごいそうです。,どちらでも良い:丁寧語
面白いアトラクションがたくさんあるから、すべての家族は楽しく過ごせます。,面白いアトラクションがたくさんあるので、すべての家族は楽しく過ごせます。,変換:other
よく一番人気があるアトラクションで人々がいる時に、遊ぶために、長く待ちます。,よく一番人気があるアトラクションで人々がいる時に、遊ぶために、長く待ちます。,無変換
乗り物とアトラクションのほかに、公園の中には、多くのファストフードと土産店もあります。,乗り物とアトラクションのほかに、公園の中には、多くのファストフードと土産店もあります。,無変換
クイーンズランド州の中で観光するなら、できるだけアトラクション公園に入るべきです。,クイーンズランド州の中で観光するなら、できるだけアトラクション公園に入るべきです。,無変換
メルボルン空港からクーランガッタ空港まで飛行機で行って、車に乗ると、東方に約一時間かかります。,メルボルン空港からクーランガッタ空港まで飛行機で行って、車に乗ると、東方に約一時間かかります。,無変換
長い間、行き届いた掃除をしなかったので、いま、私は腰がまっすぐ伸ばせないほどだるいです。,長い間、行き届いた掃除をしなかったので、いま、私は腰がまっすぐ伸ばせないほどだるいです。,無変換
両方とも同じく大切なのが誰でもわかっているのに、ひとつしか選べなかったら、どうする？,両方とも同じく大切なのが誰でもわかっていますのに、ひとつしか選べなかったら、どうしますか？,どちらでも良い:丁寧語
西洋人にとって、愛情はすべて！」......先生はそう言ったけど、実際の状況は本当にそうなのか。,西洋人にとって、愛情はすべて！」......先生はそう仰いましたが、実際の状況は本当にそうなのでしょうか。,変換:尊敬語/丁寧語
あの時，私が苛められていたら，彼女はいつも私を助けてくれました。,あの時，私が苛められていたら，彼女はいつも私を助けてくださいました。,どちらでも良い:尊敬語
昔を思い出すと，「子供は本当にいいな」という感覚が脳に浮かんできます。,昔を思い出すと，「子供は本当にいいな」という感覚が脳に浮かんできます。,無変換
だから，姉さんが私の姿を見ると「お前，姿を見えないほど太った，まるでボールみたい」って言いました。,ですので，お姉様が私の姿をご覧になると「お前，姿を見えないほど太った，まるでボールみたい」とおっしゃいました。,変換:other/身化語/尊敬語
実はね、私も一年ぐらい日本語の勉強をしました。でも、あんまりできません。,実はね、私も一年ぐらい日本語の勉強をしました。でも、あんまりできません。,無変換
前に、テレビで勉強しました。だから、聞くのはいいですけど、書くのは全然いけません！,前に、テレビで勉強しました。だから、聞くのはいいですけど、書くのは全然いけません！,無変換
でも、今晩、突然昔の彼女からのメッセージが届いて、びっくりしました。,でも、今晩、突然昔の彼女からのメッセージが届きまして、びっくりしました。,どちらでも良い:丁寧語
人の頼みを断るのは嫌いですけど、でも、今回はきっぱりと断りました。,人の頼みを断るのは嫌いですけど、でも、今回はきっぱりと断りました。,無変換

































































































































































































































































































































































































































































































































































































































